date,source,dii_net,dii_buy,dii_sell,fii_net,fii_buy,fii_sell
2026-06-24,NSE_FIIDII_TRADEREACT,3637.26,17274.01,13636.75,-1843.4,16744.73,18588.13
2026-06-25,NSE_FIIDII_TRADEREACT,3637.26,17274.01,13636.75,-1843.4,16744.73,18588.13
2026-07-14,NSE_FIIDII_TRADEREACT,2927.71,20420.87,17493.16,-739.69,12763.43,13503.12
2026-07-15,NSE_FIIDII_TRADEREACT,704.93,16226.42,15521.49,-735.83,13207.46,13943.29
2026-07-16,NSE_FIIDII_TRADEREACT,2986.41,19236.8,16250.39,-4205.56,13576.08,17781.64
2026-07-18,NSE_FIIDII_TRADEREACT,1017.89,17180.08,16162.19,-376.41,14393.77,14770.18
2026-07-20,NSE_FIIDII_TRADEREACT,1017.89,17180.08,16162.19,-376.41,14393.77,14770.18
2026-07-21,NSE_FIIDII_TRADEREACT,1312.03,16187.84,14875.81,-1121.04,13312.67,14433.71
2026-07-22,NSE_FIIDII_TRADEREACT,-656.88,14638.54,15295.42,1650.16,16327.88,14677.72
